Trade Number,Trade Type,Position Type,Purchase Date,Sell Date,LookBack Period,Slope P Value,Previous Slope P Value,Price Slope,Previous Price Slope,Old Maximum Price in LookBack Period (Before trade was made),New Maximum PRice in LookBack Period (When trade was made),Old Minimum Price in LookBack Period (Before trade was made),New Minimum Price in LookBack Period (When trade was made),Profit/Loss
1,LVL,Long,2008-11-28,2008-12-04,35,2.662699e-13,1.192018e-07,-1.244778e-02,-5.885046e-03,,,74.089996,48.080002,-337.650716
2,LVL,Long,2015-01-15,2015-02-02,35,2.337833e-15,4.183102e-10,-1.104582e-02,-3.446601e-03,,,59.860001,46.590000,358.740679
3,LVL,Long,2016-01-14,2016-01-29,35,1.146422e-13,5.262331e-09,-8.524129e-03,-3.869458e-03,,,30.860001,30.309999,294.473429
4,LVL,Long,2001-09-20,2001-10-11,35,1.647316e-08,2.317491e-10,-9.706322e-03,-9.096102e-03,,,2.340000,2.102000,279.835477
5,HVS,Short,2001-11-02,2001-11-12,35,2.525701e-09,7.947755e-07,1.155499e-02,-8.155444e-03,2.981000,3.291000,,,366.347862
6,HNVSL,Long,2019-04-05,2019-04-08,35,,,,,,,,,48.481526
7,LVL,Long,2001-07-02,2001-08-24,35,8.860331e-11,4.851017e-10,-1.046845e-02,5.014776e-03,,,0.770900,0.714400,419.722596
8,LVL,Long,2006-09-28,2006-10-25,35,2.199899e-19,3.217678e-01,-9.182887e-03,3.991201e-04,,,1.751500,1.495000,62.980233
9,LVL,Long,2004-05-19,2004-05-24,35,3.986617e-14,2.021007e-13,-1.209483e-02,4.523886e-03,,,5.820000,5.514000,52.724241
10,LVL,Long,2008-09-12,2008-09-22,35,1.575924e-13,2.871062e-07,-1.132288e-02,3.093207e-03,,,12.801000,10.490000,838.123321
11,LVL,Long,2008-10-29,2008-11-04,35,9.835510e-05,1.515631e-12,-7.283050e-03,-1.020965e-02,,,9.310000,8.790000,85.741924
12,LVL,Long,2011-10-06,2011-10-27,35,7.114411e-08,9.680196e-05,-8.964830e-03,3.059864e-03,,,29.927000,29.795000,320.549548
13,HVS,Short,2008-02-22,2008-03-03,35,2.054185e-05,4.238241e-16,6.613123e-03,2.984800e-03,2128.100098,2163.199951,,,-472.331827
14,HVS,Short,2008-03-06,2008-03-17,35,3.389343e-11,8.664417e-17,1.222295e-02,3.118619e-03,2163.199951,2251.100098,,,1256.904851
15,LVL,Long,2008-10-08,2008-10-16,35,1.784791e-07,1.178541e-01,-1.519072e-02,-1.195837e-03,,,1075.400024,957.000000,-413.315829
16,LVL,Long,2008-10-21,2009-10-06,35,4.441713e-13,1.236261e-02,-2.564475e-02,1.242751e-03,,,957.000000,872.500000,1498.654385
17,LVL,Long,2020-03-20,2020-04-14,35,1.057571e-07,8.559540e-10,-8.460532e-03,2.415257e-03,,,656.700012,595.900024,1992.835403
18,LVL,Long,2001-11-01,2001-11-02,35,1.396249e-08,1.424937e-01,-9.914822e-03,-7.123874e-04,,,325.049988,316.399994,265.454047
19,LVL,Long,2003-04-24,2003-05-21,35,7.455406e-17,2.258323e-03,-1.321646e-02,-1.633073e-03,,,175.500000,148.500000,684.362535
20,LVL,Long,2008-09-11,2008-10-15,35,5.454854e-12,1.235183e-04,-1.517433e-02,-4.874310e-03,,,293.100006,227.050003,-802.822842
21,LVL,Long,2008-10-20,2009-06-05,35,2.326899e-12,1.360873e-03,-2.155307e-02,1.947449e-03,,,224.000000,171.949997,1553.539984
22,LVL,Long,2020-03-19,2020-03-25,35,1.007947e-01,1.001346e-10,-3.849361e-03,6.046701e-03,,,1539.199951,1449.900024,2449.948867
23,LVL,Long,2021-09-30,2021-10-08,35,1.853866e-12,3.050052e-02,-8.749733e-03,-1.120286e-03,,,1865.199951,1833.099976,916.423234
24,LVL,Long,2008-11-28,2008-12-05,35,6.058642e-09,3.048453e-10,-9.312284e-03,-6.963863e-03,,,1.675000,1.568500,-644.534169
25,HNVSL,Long,2021-04-08,2021-04-12,35,,,,,,,,,-190.225255
26,HVS,Short,2022-03-09,2022-05-17,35,4.102772e-05,4.782705e-04,1.182163e-02,-1.362215e-03,1058.500000,1425.250000,,,-524.140011
27,LVL,Long,2004-08-03,2004-09-10,35,1.449466e-06,5.947377e-10,-9.860942e-03,-7.025942e-03,,,657.500000,598.000000,-658.449549
28,LVL,Long,2004-07-27,2004-07-28,35,1.912206e-01,1.504691e-04,-2.601214e-03,-4.245003e-03,,,219.000000,211.800003,-859.043320
29,LVL,Long,2004-08-31,2004-09-03,35,1.095492e-04,1.998007e-09,-7.228058e-03,6.242601e-03,,,183.800003,179.399994,-480.445999
30,HVS,Short,2014-03-07,2014-04-22,35,2.954596e-15,4.739816e-10,1.493947e-02,3.113635e-03,171.750000,200.649994,,,-683.401402
31,LVL,Long,2022-11-21,2022-11-29,35,7.672263e-18,4.520387e-01,-9.440223e-03,-4.548496e-04,,,165.149994,151.300003,307.352963
32,HVS,Short,2001-02-13,2001-02-16,35,5.397643e-13,8.049910e-03,1.013731e-02,-1.414701e-03,996.000000,1086.000000,,,-486.130708
33,HVS,Short,2001-02-22,2001-03-06,35,3.426973e-11,1.479334e-03,8.675126e-03,1.861036e-03,1086.000000,1189.000000,,,698.096380
34,LVL,Long,2011-12-12,2011-12-15,35,1.975795e-15,6.298978e-09,-9.322123e-03,-3.511012e-03,,,1968.000000,1936.000000,400.718876
35,HNVSL,Long,2019-11-11,2019-11-13,35,,,,,,,,,683.758702
36,LVL,Long,2010-04-01,2010-05-05,35,2.058192e-18,1.751636e-03,-1.393518e-02,2.022089e-03,,,20.320000,16.570000,-485.260790
37,LVL,Long,2004-07-07,2004-08-20,35,7.600586e-18,7.994055e-01,-8.958755e-03,1.397038e-04,,,46.650002,46.500000,451.090024
38,HVS,Short,2011-02-18,2011-03-04,35,3.803384e-15,2.883418e-03,8.854452e-03,3.879595e-03,197.020004,204.020004,,,-699.539185
39,LVL,Long,2022-07-11,2022-07-14,35,1.057413e-06,6.440468e-06,-9.519735e-03,3.018787e-03,,,100.120003,94.690002,-554.436184
40,LVL,Long,2012-05-25,2012-06-06,35,1.438041e-13,4.108148e-06,-1.051795e-02,-4.093846e-03,,,113.699997,102.199997,312.772351
41,LVL,Long,2019-05-08,2019-05-14,35,9.295299e-21,4.889924e-01,-9.522864e-03,-4.233434e-04,,,92.949997,91.250000,489.722402
42,LVL,Long,2001-10-11,2001-10-23,35,2.660949e-12,7.807893e-10,-9.042117e-03,4.972718e-03,,,236.000000,230.800003,-507.058645
43,LVL,Long,2008-10-28,2009-01-05,35,2.374056e-06,5.816475e-02,-7.378426e-03,6.133931e-04,,,178.800003,177.199997,-555.631833
44,HVS,Short,2009-06-22,2009-06-23,35,1.474813e-13,1.111412e-01,9.409000e-03,1.677836e-03,213.699997,214.600006,,,324.182357
45,HVS,Short,2009-12-01,2009-12-08,35,4.906799e-10,1.752412e-03,8.900984e-03,-1.289714e-03,239.500000,246.199997,,,985.972702
46,LVL,Long,2011-05-03,2011-05-11,35,2.661017e-11,5.277171e-05,-9.882305e-03,-1.809195e-03,,,230.600006,224.000000,-570.530374
47,LVL,Long,2008-11-28,2008-12-16,35,3.494114e-13,6.146164e-07,-9.368910e-03,-3.784782e-03,,,219.500000,199.500000,420.396386
48,HVS,Short,2003-08-11,2003-08-19,35,8.094294e-11,8.312369e-05,9.863369e-03,-2.359955e-03,777.500000,787.000000,,,1074.255388
49,LVL,Long,2020-06-30,2020-07-01,35,1.113854e-02,4.560992e-11,-5.190256e-03,6.669908e-03,,,1400.000000,1355.500000,410.777267
50,LVL,Long,2002-08-29,2002-10-02,35,2.812723e-09,1.063418e-10,-1.169648e-02,3.778614e-03,,,34.599998,30.225000,3391.812111
51,HVS,Short,2002-10-11,2002-10-21,35,3.612668e-13,5.202445e-07,9.054548e-03,-7.597038e-03,44.275002,45.000000,,,1579.245569
52,LVL,Long,2018-08-31,2018-09-06,35,2.162812e-09,2.112726e-05,-8.608789e-03,1.917225e-03,,,60.250000,49.125000,767.276605
53,LVL,Long,2017-05-10,2017-06-01,35,1.066010e-16,1.874886e-08,-9.271186e-03,2.366419e-03,,,63.880001,60.720001,-2293.008417
54,LVL,Long,2021-08-19,2021-09-01,35,2.302466e-09,1.708303e-01,-8.143244e-03,4.194780e-04,,,166.960007,159.589996,-2584.729163
55,LVL,Long,2021-09-03,2021-09-07,35,2.674608e-13,4.075867e-10,-1.104915e-02,1.496957e-03,,,159.250000,140.539993,-743.140331
56,LVL,Long,2021-09-17,2021-09-20,35,2.280048e-11,1.345606e-04,-9.783436e-03,6.191554e-04,,,140.539993,119.959999,-629.467320
57,LVL,Long,2021-10-04,2021-10-11,35,4.367233e-16,5.313046e-06,-1.082292e-02,-5.693358e-03,,,117.010002,115.760002,1250.432720
58,HVS,Short,2011-03-10,2011-04-01,35,2.356152e-11,1.120815e-06,9.356006e-03,-3.354743e-03,16.990000,19.629999,,,4479.816161
59,LVL,Long,2015-01-09,2015-02-23,35,7.707864e-10,1.033729e-06,-8.480439e-03,-2.124378e-03,,,1.573000,1.554000,-665.041100
60,HVS,Short,2020-06-10,2020-06-18,35,7.985370e-03,1.563809e-10,8.272525e-03,-5.589076e-03,2.081000,2.162000,,,-659.885335
61,HVS,Short,2020-06-26,2020-07-01,35,3.610439e-11,4.039102e-15,1.938947e-02,-8.800023e-03,2.195000,2.212000,,,-1920.665547
62,LVL,Long,2020-09-04,2020-09-16,35,1.339312e-08,1.730885e-07,-8.003102e-03,1.045572e-02,,,2.061000,1.801000,-582.745471
63,HVS,Short,2020-10-30,2020-11-04,35,2.976739e-12,6.052791e-09,8.936965e-03,-8.694549e-03,2.274000,2.297000,,,-2172.232437
